<?xml version="1.0"?>
<Runs Version="1" Minor="0">
	<Run Id="blk_mem_gen_0_synth_1" LaunchDir="C:/vivado_projects/VGA_driver/VGA_driver.runs/blk_mem_gen_0_synth_1" FlowId="Vivado_Synthesis" FromStepId="vivado" ToStepId="vivado"/>
	<Run Id="synth_1" LaunchDir="C:/vivado_projects/VGA_driver/VGA_driver.runs/synth_1" FlowId="Vivado_Synthesis" FromStepId="vivado" ToStepId="vivado">
		<Parent Id="blk_mem_gen_0_synth_1"/>
	</Run>
	<Run Id="impl_1" LaunchDir="C:/vivado_projects/VGA_driver/VGA_driver.runs/impl_1" FlowId="Vivado_Implementation" FromStepId="init_design" ToStepId="write_bitstream">
		<Parent Id="synth_1"/>
		<Parent Id="blk_mem_gen_0_synth_1"/>
	</Run>
	<Parameters>
		<Parameter Name="runs.monitorLSFJobs" Val="true" Type="bool"/>
		<Parameter Name="runs.enableClusterConf" Val="true" Type="bool"/>
	</Parameters>
</Runs>

